{
    "shp_path":"/Users/acoullandreau/Downloads/taxi_zones/taxi_zones.shp",
    "image_size":[1920, 1080],
    "margins":[],
    "maps_to_render":["total", "Manhattan"],
    "focus_on":[],
    "filter_on":[],
    "zoom_on":[],
    "filter_query_on_borough":false,
    "title":"Chloropeth map over the year",
    "db":"nyc_taxi_rides",
    "data_table":"passenger_count_2018",
    "lookup_table":"taxi_zone_lookup_table",
    "aggregated_result":"count",
    "weekdays_vs_weekends":true,
    "period":["2018-01-01", "2018-12-31"]

}
